Competitor,Review Site,Rating,Votes
cj,www.trustpilot.com,Rating: 5/10,7 votes
cj,www.reddit.com,Rating: 5/10,7 votes
cj,www.authorityhacker.com,Rating: 5/10,7 votes
cj,www.g2.com,Rating: 5/10,7 votes
cj,www.trustradius.com,Rating: 5/10,7 votes
cj,www.gartner.com,Rating: 5/10,7 votes
cj,www.sitejabber.com,Rating: 5/10,7 votes
cj,www.affpaying.com,Rating: 5/10,7 votes
cj,www.weberlo.com,Rating: 5/10,7 votes
cj,medium.com,Rating: 5/10,7 votes
cj,www.linkedin.com,Rating: 5/10,7 votes
cj,www.traderscooter.com,Rating: 5/10,7 votes
cj,smartblogger.com,Rating: 5/10,7 votes
cj,www.clickbank.com,Rating: 5/10,7 votes
cj,www.consumeraffairs.com,Rating: 5/10,7 votes
cj,www.capterra.com,Rating: 5/10,7 votes
cj,www.crazyegg.com,Rating: 5/10,7 votes
cj,www.iaea.org,Rating: 5/10,7 votes
cj,apps.shopify.com,Rating: 5/10,7 votes
cj,www.glassdoor.com,Rating: 5/10,7 votes
cj,www.imdb.com,Rating: 5/10,7 votes
cj,www.getapp.com,Rating: 5/10,7 votes
cj,www.youtube.com,Rating: 5/10,7 votes
cj,afluencer.com,Rating: 5/10,7 votes
cj,www.yelp.com,Rating: 5/10,7 votes
cj,www.quora.com,Rating: 5/10,7 votes
cj,craigcampbellseo.com,Rating: 5/10,7 votes
cj,www.growann.com,Rating: 5/10,7 votes
cj,www.cuspera.com,Rating: 5/10,7 votes
cj,www.influencer-hero.com,Rating: 5/10,7 votes
cj,go.partnerize.com,Rating: 5/10,7 votes
cj affiliate,www.trustpilot.com,Rating: 5/10,7 votes
cj affiliate,www.reddit.com,Rating: 5/10,7 votes
cj affiliate,www.authorityhacker.com,Rating: 5/10,7 votes
cj affiliate,www.g2.com,Rating: 5/10,7 votes
cj affiliate,www.trustradius.com,Rating: 5/10,7 votes
cj affiliate,www.gartner.com,Rating: 5/10,7 votes
cj affiliate,www.sitejabber.com,Rating: 5/10,7 votes
cj affiliate,www.affpaying.com,Rating: 5/10,7 votes
cj affiliate,www.weberlo.com,Rating: 5/10,7 votes
cj affiliate,medium.com,Rating: 5/10,7 votes
cj affiliate,www.linkedin.com,Rating: 5/10,7 votes
cj affiliate,www.traderscooter.com,Rating: 5/10,7 votes
cj affiliate,smartblogger.com,Rating: 5/10,7 votes
cj affiliate,www.clickbank.com,Rating: 5/10,7 votes
cj affiliate,www.consumeraffairs.com,Rating: 5/10,7 votes
cj affiliate,www.capterra.com,Rating: 5/10,7 votes
cj affiliate,www.crazyegg.com,Rating: 5/10,7 votes
cj affiliate,www.iaea.org,Rating: 5/10,7 votes
cj affiliate,apps.shopify.com,Rating: 5/10,7 votes
cj affiliate,www.glassdoor.com,Rating: 5/10,7 votes
cj affiliate,www.imdb.com,Rating: 5/10,7 votes
cj affiliate,www.getapp.com,Rating: 5/10,7 votes
cj affiliate,www.youtube.com,Rating: 5/10,7 votes
cj affiliate,afluencer.com,Rating: 5/10,7 votes
cj affiliate,www.yelp.com,Rating: 5/10,7 votes
cj affiliate,www.quora.com,Rating: 5/10,7 votes
cj affiliate,craigcampbellseo.com,Rating: 5/10,7 votes
cj affiliate,www.growann.com,Rating: 5/10,7 votes
cj affiliate,www.cuspera.com,Rating: 5/10,7 votes
cj affiliate,www.influencer-hero.com,Rating: 5/10,7 votes
cj affiliate,go.partnerize.com,Rating: 5/10,7 votes
ShareASale,www.trustpilot.com,Rating: 5/10,7 votes
ShareASale,www.reddit.com,Rating: 5/10,7 votes
ShareASale,www.authorityhacker.com,Rating: 5/10,7 votes
ShareASale,www.g2.com,Rating: 5/10,7 votes
ShareASale,www.trustradius.com,Rating: 5/10,7 votes
ShareASale,www.gartner.com,Rating: 5/10,7 votes
ShareASale,www.sitejabber.com,Rating: 5/10,7 votes
ShareASale,www.affpaying.com,Rating: 5/10,7 votes
ShareASale,www.weberlo.com,Rating: 5/10,7 votes
ShareASale,medium.com,Rating: 5/10,7 votes
ShareASale,www.linkedin.com,Rating: 5/10,7 votes
ShareASale,www.traderscooter.com,Rating: 5/10,7 votes
ShareASale,smartblogger.com,Rating: 5/10,7 votes
ShareASale,www.clickbank.com,Rating: 5/10,7 votes
ShareASale,www.consumeraffairs.com,Rating: 5/10,7 votes
ShareASale,www.capterra.com,Rating: 5/10,7 votes
ShareASale,www.crazyegg.com,Rating: 5/10,7 votes
ShareASale,www.iaea.org,Rating: 5/10,7 votes
ShareASale,apps.shopify.com,Rating: 5/10,7 votes
ShareASale,www.glassdoor.com,Rating: 5/10,7 votes
ShareASale,www.imdb.com,Rating: 5/10,7 votes
ShareASale,www.getapp.com,Rating: 5/10,7 votes
ShareASale,www.youtube.com,Rating: 5/10,7 votes
ShareASale,afluencer.com,Rating: 5/10,7 votes
ShareASale,www.yelp.com,Rating: 5/10,7 votes
ShareASale,www.quora.com,Rating: 5/10,7 votes
ShareASale,craigcampbellseo.com,Rating: 5/10,7 votes
ShareASale,www.growann.com,Rating: 5/10,7 votes
ShareASale,www.cuspera.com,Rating: 5/10,7 votes
ShareASale,www.influencer-hero.com,Rating: 5/10,7 votes
ShareASale,go.partnerize.com,Rating: 5/10,7 votes
ClickBank,www.trustpilot.com,Rating: 5/10,7 votes
ClickBank,www.reddit.com,Rating: 5/10,7 votes
ClickBank,www.authorityhacker.com,Rating: 5/10,7 votes
ClickBank,www.g2.com,Rating: 5/10,7 votes
ClickBank,www.trustradius.com,Rating: 5/10,7 votes
ClickBank,www.gartner.com,Rating: 5/10,7 votes
ClickBank,www.sitejabber.com,Rating: 5/10,7 votes
ClickBank,www.affpaying.com,Rating: 5/10,7 votes
ClickBank,www.weberlo.com,Rating: 5/10,7 votes
ClickBank,medium.com,Rating: 5/10,7 votes
ClickBank,www.linkedin.com,Rating: 5/10,7 votes
ClickBank,www.traderscooter.com,Rating: 5/10,7 votes
ClickBank,smartblogger.com,Rating: 5/10,7 votes
ClickBank,www.clickbank.com,Rating: 5/10,7 votes
ClickBank,www.consumeraffairs.com,Rating: 5/10,7 votes
ClickBank,www.capterra.com,Rating: 5/10,7 votes
ClickBank,www.crazyegg.com,Rating: 5/10,7 votes
ClickBank,www.iaea.org,Rating: 5/10,7 votes
ClickBank,apps.shopify.com,Rating: 5/10,7 votes
ClickBank,www.glassdoor.com,Rating: 5/10,7 votes
ClickBank,www.imdb.com,Rating: 5/10,7 votes
ClickBank,www.getapp.com,Rating: 5/10,7 votes
ClickBank,www.youtube.com,Rating: 5/10,7 votes
ClickBank,afluencer.com,Rating: 5/10,7 votes
ClickBank,www.yelp.com,Rating: 5/10,7 votes
ClickBank,www.quora.com,Rating: 5/10,7 votes
ClickBank,craigcampbellseo.com,Rating: 5/10,7 votes
ClickBank,www.growann.com,Rating: 5/10,7 votes
ClickBank,www.cuspera.com,Rating: 5/10,7 votes
ClickBank,www.influencer-hero.com,Rating: 5/10,7 votes
ClickBank,go.partnerize.com,Rating: 5/10,7 votes
Impact,www.trustpilot.com,Rating: 5/10,7 votes
Impact,www.reddit.com,Rating: 5/10,7 votes
Impact,www.authorityhacker.com,Rating: 5/10,7 votes
Impact,www.g2.com,Rating: 5/10,7 votes
Impact,www.trustradius.com,Rating: 5/10,7 votes
Impact,www.gartner.com,Rating: 5/10,7 votes
Impact,www.sitejabber.com,Rating: 5/10,7 votes
Impact,www.affpaying.com,Rating: 5/10,7 votes
Impact,www.weberlo.com,Rating: 5/10,7 votes
Impact,medium.com,Rating: 5/10,7 votes
Impact,www.linkedin.com,Rating: 5/10,7 votes
Impact,www.traderscooter.com,Rating: 5/10,7 votes
Impact,smartblogger.com,Rating: 5/10,7 votes
Impact,www.clickbank.com,Rating: 5/10,7 votes
Impact,www.consumeraffairs.com,Rating: 5/10,7 votes
Impact,www.capterra.com,Rating: 5/10,7 votes
Impact,www.crazyegg.com,Rating: 5/10,7 votes
Impact,www.iaea.org,Rating: 5/10,7 votes
Impact,apps.shopify.com,Rating: 5/10,7 votes
Impact,www.glassdoor.com,Rating: 5/10,7 votes
Impact,www.imdb.com,Rating: 5/10,7 votes
Impact,www.getapp.com,Rating: 5/10,7 votes
Impact,www.youtube.com,Rating: 5/10,7 votes
Impact,afluencer.com,Rating: 5/10,7 votes
Impact,www.yelp.com,Rating: 5/10,7 votes
Impact,www.quora.com,Rating: 5/10,7 votes
Impact,craigcampbellseo.com,Rating: 5/10,7 votes
Impact,www.growann.com,Rating: 5/10,7 votes
Impact,www.cuspera.com,Rating: 5/10,7 votes
Impact,www.influencer-hero.com,Rating: 5/10,7 votes
Impact,go.partnerize.com,Rating: 5/10,7 votes
AWIN,www.trustpilot.com,Rating: 5/10,7 votes
AWIN,www.reddit.com,Rating: 5/10,7 votes
AWIN,www.authorityhacker.com,Rating: 5/10,7 votes
AWIN,www.g2.com,Rating: 5/10,7 votes
AWIN,www.trustradius.com,Rating: 5/10,7 votes
AWIN,www.gartner.com,Rating: 5/10,7 votes
AWIN,www.sitejabber.com,Rating: 5/10,7 votes
AWIN,www.affpaying.com,Rating: 5/10,7 votes
AWIN,www.weberlo.com,Rating: 5/10,7 votes
AWIN,medium.com,Rating: 5/10,7 votes
AWIN,www.linkedin.com,Rating: 5/10,7 votes
AWIN,www.traderscooter.com,Rating: 5/10,7 votes
AWIN,smartblogger.com,Rating: 5/10,7 votes
AWIN,www.clickbank.com,Rating: 5/10,7 votes
AWIN,www.consumeraffairs.com,Rating: 5/10,7 votes
AWIN,www.capterra.com,Rating: 5/10,7 votes
AWIN,www.crazyegg.com,Rating: 5/10,7 votes
AWIN,www.iaea.org,Rating: 5/10,7 votes
AWIN,apps.shopify.com,Rating: 5/10,7 votes
AWIN,www.glassdoor.com,Rating: 5/10,7 votes
AWIN,www.imdb.com,Rating: 5/10,7 votes
AWIN,www.getapp.com,Rating: 5/10,7 votes
AWIN,www.youtube.com,Rating: 5/10,7 votes
AWIN,afluencer.com,Rating: 5/10,7 votes
AWIN,www.yelp.com,Rating: 5/10,7 votes
AWIN,www.quora.com,Rating: 5/10,7 votes
AWIN,craigcampbellseo.com,Rating: 5/10,7 votes
AWIN,www.growann.com,Rating: 5/10,7 votes
AWIN,www.cuspera.com,Rating: 5/10,7 votes
AWIN,www.influencer-hero.com,Rating: 5/10,7 votes
AWIN,go.partnerize.com,Rating: 5/10,7 votes
Rakuten Advertising,www.trustpilot.com,Rating: 5/10,7 votes
Rakuten Advertising,www.reddit.com,Rating: 5/10,7 votes
Rakuten Advertising,www.authorityhacker.com,Rating: 5/10,7 votes
Rakuten Advertising,www.g2.com,Rating: 5/10,7 votes
Rakuten Advertising,www.trustradius.com,Rating: 5/10,7 votes
Rakuten Advertising,www.gartner.com,Rating: 5/10,7 votes
Rakuten Advertising,www.sitejabber.com,Rating: 5/10,7 votes
Rakuten Advertising,www.affpaying.com,Rating: 5/10,7 votes
Rakuten Advertising,www.weberlo.com,Rating: 5/10,7 votes
Rakuten Advertising,medium.com,Rating: 5/10,7 votes
Rakuten Advertising,www.linkedin.com,Rating: 5/10,7 votes
Rakuten Advertising,www.traderscooter.com,Rating: 5/10,7 votes
Rakuten Advertising,smartblogger.com,Rating: 5/10,7 votes
Rakuten Advertising,www.clickbank.com,Rating: 5/10,7 votes
Rakuten Advertising,www.consumeraffairs.com,Rating: 5/10,7 votes
Rakuten Advertising,www.capterra.com,Rating: 5/10,7 votes
Rakuten Advertising,www.crazyegg.com,Rating: 5/10,7 votes
Rakuten Advertising,www.iaea.org,Rating: 5/10,7 votes
Rakuten Advertising,apps.shopify.com,Rating: 5/10,7 votes
Rakuten Advertising,www.glassdoor.com,Rating: 5/10,7 votes
Rakuten Advertising,www.imdb.com,Rating: 5/10,7 votes
Rakuten Advertising,www.getapp.com,Rating: 5/10,7 votes
Rakuten Advertising,www.youtube.com,Rating: 5/10,7 votes
Rakuten Advertising,afluencer.com,Rating: 5/10,7 votes
Rakuten Advertising,www.yelp.com,Rating: 5/10,7 votes
Rakuten Advertising,www.quora.com,Rating: 5/10,7 votes
Rakuten Advertising,craigcampbellseo.com,Rating: 5/10,7 votes
Rakuten Advertising,www.growann.com,Rating: 5/10,7 votes
Rakuten Advertising,www.cuspera.com,Rating: 5/10,7 votes
Rakuten Advertising,www.influencer-hero.com,Rating: 5/10,7 votes
Rakuten Advertising,go.partnerize.com,Rating: 5/10,7 votes
Partnerize,www.trustpilot.com,Rating: 5/10,7 votes
Partnerize,www.reddit.com,Rating: 5/10,7 votes
Partnerize,www.authorityhacker.com,Rating: 5/10,7 votes
Partnerize,www.g2.com,Rating: 5/10,7 votes
Partnerize,www.trustradius.com,Rating: 5/10,7 votes
Partnerize,www.gartner.com,Rating: 5/10,7 votes
Partnerize,www.sitejabber.com,Rating: 5/10,7 votes
Partnerize,www.affpaying.com,Rating: 5/10,7 votes
Partnerize,www.weberlo.com,Rating: 5/10,7 votes
Partnerize,medium.com,Rating: 5/10,7 votes
Partnerize,www.linkedin.com,Rating: 5/10,7 votes
Partnerize,www.traderscooter.com,Rating: 5/10,7 votes
Partnerize,smartblogger.com,Rating: 5/10,7 votes
Partnerize,www.clickbank.com,Rating: 5/10,7 votes
Partnerize,www.consumeraffairs.com,Rating: 5/10,7 votes
Partnerize,www.capterra.com,Rating: 5/10,7 votes
Partnerize,www.crazyegg.com,Rating: 5/10,7 votes
Partnerize,www.iaea.org,Rating: 5/10,7 votes
Partnerize,apps.shopify.com,Rating: 5/10,7 votes
Partnerize,www.glassdoor.com,Rating: 5/10,7 votes
Partnerize,www.imdb.com,Rating: 5/10,7 votes
Partnerize,www.getapp.com,Rating: 5/10,7 votes
Partnerize,www.youtube.com,Rating: 5/10,7 votes
Partnerize,afluencer.com,Rating: 5/10,7 votes
Partnerize,www.yelp.com,Rating: 5/10,7 votes
Partnerize,www.quora.com,Rating: 5/10,7 votes
Partnerize,craigcampbellseo.com,Rating: 5/10,7 votes
Partnerize,www.growann.com,Rating: 5/10,7 votes
Partnerize,www.cuspera.com,Rating: 5/10,7 votes
Partnerize,www.influencer-hero.com,Rating: 5/10,7 votes
Partnerize,go.partnerize.com,Rating: 5/10,7 votes
