Competitor,Review Site,Rating,Rating Threshold,Votes
cj,www.trustpilot.com,,,
cj,www.reddit.com,,,
cj,www.authorityhacker.com,,,
cj,www.g2.com,,,
cj,www.trustradius.com,5,10,7
cj,www.gartner.com,,,
cj,www.sitejabber.com,,,
cj,www.affpaying.com,,,
cj,www.weberlo.com,,,
cj,medium.com,,,
cj,www.linkedin.com,,,
cj,www.traderscooter.com,,,
cj,smartblogger.com,,,
cj,www.clickbank.com,,,
cj,www.consumeraffairs.com,,,
cj,www.capterra.com,,,
cj,www.crazyegg.com,,,
cj,www.iaea.org,,,
cj,apps.shopify.com,,,
cj,www.glassdoor.com,,,
cj,www.imdb.com,,,
cj,www.getapp.com,,,
cj,www.youtube.com,,,
cj,afluencer.com,,,
cj,www.yelp.com,,,
cj,www.quora.com,,,
cj,craigcampbellseo.com,,,
cj,www.growann.com,,,
cj,www.cuspera.com,,,
cj,www.influencer-hero.com,,,
cj,go.partnerize.com,,,
cj affiliate,www.trustpilot.com,,,
cj affiliate,www.reddit.com,,,
cj affiliate,www.authorityhacker.com,,,
cj affiliate,www.g2.com,,,
cj affiliate,www.trustradius.com,,,
cj affiliate,www.gartner.com,,,
cj affiliate,www.sitejabber.com,,,
cj affiliate,www.affpaying.com,,,
cj affiliate,www.weberlo.com,,,
cj affiliate,medium.com,,,
cj affiliate,www.linkedin.com,,,
cj affiliate,www.traderscooter.com,,,
cj affiliate,smartblogger.com,,,
cj affiliate,www.clickbank.com,,,
cj affiliate,www.consumeraffairs.com,,,
cj affiliate,www.capterra.com,,,
cj affiliate,www.crazyegg.com,,,
cj affiliate,www.iaea.org,,,
cj affiliate,apps.shopify.com,,,
cj affiliate,www.glassdoor.com,,,
cj affiliate,www.imdb.com,,,
cj affiliate,www.getapp.com,,,
cj affiliate,www.youtube.com,,,
cj affiliate,afluencer.com,,,
cj affiliate,www.yelp.com,,,
cj affiliate,www.quora.com,,,
cj affiliate,craigcampbellseo.com,,,
cj affiliate,www.growann.com,,,
cj affiliate,www.cuspera.com,,,
cj affiliate,www.influencer-hero.com,,,
cj affiliate,go.partnerize.com,,,
ShareASale,www.trustpilot.com,,,
ShareASale,www.reddit.com,,,
ShareASale,www.authorityhacker.com,,,
ShareASale,www.g2.com,,,
ShareASale,www.trustradius.com,,,
ShareASale,www.gartner.com,,,
ShareASale,www.sitejabber.com,,,
ShareASale,www.affpaying.com,,,
ShareASale,www.weberlo.com,,,
ShareASale,medium.com,,,
ShareASale,www.linkedin.com,,,
ShareASale,www.traderscooter.com,,,
ShareASale,smartblogger.com,,,
ShareASale,www.clickbank.com,,,
ShareASale,www.consumeraffairs.com,,,
ShareASale,www.capterra.com,,,
ShareASale,www.crazyegg.com,,,
ShareASale,www.iaea.org,,,
ShareASale,apps.shopify.com,,,
ShareASale,www.glassdoor.com,,,
ShareASale,www.imdb.com,,,
ShareASale,www.getapp.com,,,
ShareASale,www.youtube.com,,,
ShareASale,afluencer.com,,,
ShareASale,www.yelp.com,,,
ShareASale,www.quora.com,,,
ShareASale,craigcampbellseo.com,,,
ShareASale,www.growann.com,,,
ShareASale,www.cuspera.com,,,
ShareASale,www.influencer-hero.com,,,
ShareASale,go.partnerize.com,,,
ClickBank,www.trustpilot.com,,,
ClickBank,www.reddit.com,,,
ClickBank,www.authorityhacker.com,,,
ClickBank,www.g2.com,,,
ClickBank,www.trustradius.com,,,
ClickBank,www.gartner.com,,,
ClickBank,www.sitejabber.com,,,
ClickBank,www.affpaying.com,,,
ClickBank,www.weberlo.com,,,
ClickBank,medium.com,,,
ClickBank,www.linkedin.com,,,
ClickBank,www.traderscooter.com,,,
ClickBank,smartblogger.com,,,
ClickBank,www.clickbank.com,,,
ClickBank,www.consumeraffairs.com,,,
ClickBank,www.capterra.com,,,
ClickBank,www.crazyegg.com,,,
ClickBank,www.iaea.org,,,
ClickBank,apps.shopify.com,,,
ClickBank,www.glassdoor.com,,,
ClickBank,www.imdb.com,,,
ClickBank,www.getapp.com,,,
ClickBank,www.youtube.com,,,
ClickBank,afluencer.com,,,
ClickBank,www.yelp.com,,,
ClickBank,www.quora.com,,,
ClickBank,craigcampbellseo.com,,,
ClickBank,www.growann.com,,,
ClickBank,www.cuspera.com,,,
ClickBank,www.influencer-hero.com,,,
ClickBank,go.partnerize.com,,,
Impact,www.trustpilot.com,,,
Impact,www.reddit.com,,,
Impact,www.authorityhacker.com,,,
Impact,www.g2.com,,,
Impact,www.trustradius.com,,,
Impact,www.gartner.com,,,
Impact,www.sitejabber.com,,,
Impact,www.affpaying.com,,,
Impact,www.weberlo.com,,,
Impact,medium.com,,,
Impact,www.linkedin.com,,,
Impact,www.traderscooter.com,,,
Impact,smartblogger.com,,,
Impact,www.clickbank.com,,,
Impact,www.consumeraffairs.com,,,
Impact,www.capterra.com,,,
Impact,www.crazyegg.com,,,
Impact,www.iaea.org,,,
Impact,apps.shopify.com,,,
Impact,www.glassdoor.com,,,
Impact,www.imdb.com,,,
Impact,www.getapp.com,,,
Impact,www.youtube.com,,,
Impact,afluencer.com,,,
Impact,www.yelp.com,,,
Impact,www.quora.com,,,
Impact,craigcampbellseo.com,,,
Impact,www.growann.com,,,
Impact,www.cuspera.com,,,
Impact,www.influencer-hero.com,,,
Impact,go.partnerize.com,,,
AWIN,www.trustpilot.com,,,
AWIN,www.reddit.com,,,
AWIN,www.authorityhacker.com,,,
AWIN,www.g2.com,,,
AWIN,www.trustradius.com,,,
AWIN,www.gartner.com,,,
AWIN,www.sitejabber.com,,,
AWIN,www.affpaying.com,,,
AWIN,www.weberlo.com,,,
AWIN,medium.com,,,
AWIN,www.linkedin.com,,,
AWIN,www.traderscooter.com,,,
AWIN,smartblogger.com,,,
AWIN,www.clickbank.com,,,
AWIN,www.consumeraffairs.com,,,
AWIN,www.capterra.com,,,
AWIN,www.crazyegg.com,,,
AWIN,www.iaea.org,,,
AWIN,apps.shopify.com,,,
AWIN,www.glassdoor.com,,,
AWIN,www.imdb.com,,,
AWIN,www.getapp.com,,,
AWIN,www.youtube.com,,,
AWIN,afluencer.com,,,
AWIN,www.yelp.com,,,
AWIN,www.quora.com,,,
AWIN,craigcampbellseo.com,,,
AWIN,www.growann.com,,,
AWIN,www.cuspera.com,,,
AWIN,www.influencer-hero.com,,,
AWIN,go.partnerize.com,,,
Rakuten Advertising,www.trustpilot.com,,,
Rakuten Advertising,www.reddit.com,,,
Rakuten Advertising,www.authorityhacker.com,,,
Rakuten Advertising,www.g2.com,,,
Rakuten Advertising,www.trustradius.com,,,
Rakuten Advertising,www.gartner.com,,,
Rakuten Advertising,www.sitejabber.com,,,
Rakuten Advertising,www.affpaying.com,,,
Rakuten Advertising,www.weberlo.com,,,
Rakuten Advertising,medium.com,,,
Rakuten Advertising,www.linkedin.com,,,
Rakuten Advertising,www.traderscooter.com,,,
Rakuten Advertising,smartblogger.com,,,
Rakuten Advertising,www.clickbank.com,,,
Rakuten Advertising,www.consumeraffairs.com,,,
Rakuten Advertising,www.capterra.com,,,
Rakuten Advertising,www.crazyegg.com,,,
Rakuten Advertising,www.iaea.org,,,
Rakuten Advertising,apps.shopify.com,,,
Rakuten Advertising,www.glassdoor.com,,,
Rakuten Advertising,www.imdb.com,,,
Rakuten Advertising,www.getapp.com,,,
Rakuten Advertising,www.youtube.com,,,
Rakuten Advertising,afluencer.com,,,
Rakuten Advertising,www.yelp.com,,,
Rakuten Advertising,www.quora.com,,,
Rakuten Advertising,craigcampbellseo.com,,,
Rakuten Advertising,www.growann.com,,,
Rakuten Advertising,www.cuspera.com,,,
Rakuten Advertising,www.influencer-hero.com,,,
Rakuten Advertising,go.partnerize.com,,,
Partnerize,www.trustpilot.com,,,
Partnerize,www.reddit.com,,,
Partnerize,www.authorityhacker.com,,,
Partnerize,www.g2.com,,,
Partnerize,www.trustradius.com,,,
Partnerize,www.gartner.com,,,
Partnerize,www.sitejabber.com,,,
Partnerize,www.affpaying.com,,,
Partnerize,www.weberlo.com,,,
Partnerize,medium.com,,,
Partnerize,www.linkedin.com,,,
Partnerize,www.traderscooter.com,,,
Partnerize,smartblogger.com,,,
Partnerize,www.clickbank.com,,,
Partnerize,www.consumeraffairs.com,,,
Partnerize,www.capterra.com,,,
Partnerize,www.crazyegg.com,,,
Partnerize,www.iaea.org,,,
Partnerize,apps.shopify.com,,,
Partnerize,www.glassdoor.com,,,
Partnerize,www.imdb.com,,,
Partnerize,www.getapp.com,,,
Partnerize,www.youtube.com,,,
Partnerize,afluencer.com,,,
Partnerize,www.yelp.com,,,
Partnerize,www.quora.com,,,
Partnerize,craigcampbellseo.com,,,
Partnerize,www.growann.com,,,
Partnerize,www.cuspera.com,,,
Partnerize,www.influencer-hero.com,,,
Partnerize,go.partnerize.com,,,
