Competitor,Review Site,Review
cj,www.trustpilot.com,Sample review for cj from www.trustpilot.com
cj,www.reddit.com,Sample review for cj from www.reddit.com
cj,www.authorityhacker.com,Sample review for cj from www.authorityhacker.com
cj,www.g2.com,Sample review for cj from www.g2.com
cj,www.trustradius.com,Sample review for cj from www.trustradius.com
cj,www.gartner.com,Sample review for cj from www.gartner.com
cj,www.sitejabber.com,Sample review for cj from www.sitejabber.com
cj,www.affpaying.com,Sample review for cj from www.affpaying.com
cj,www.weberlo.com,Sample review for cj from www.weberlo.com
cj,medium.com,Sample review for cj from medium.com
cj,www.linkedin.com,Sample review for cj from www.linkedin.com
cj,www.traderscooter.com,Sample review for cj from www.traderscooter.com
cj,smartblogger.com,Sample review for cj from smartblogger.com
cj,www.clickbank.com,Sample review for cj from www.clickbank.com
cj,www.consumeraffairs.com,Sample review for cj from www.consumeraffairs.com
cj,www.capterra.com,Sample review for cj from www.capterra.com
cj,www.crazyegg.com,Sample review for cj from www.crazyegg.com
cj,www.iaea.org,Sample review for cj from www.iaea.org
cj,apps.shopify.com,Sample review for cj from apps.shopify.com
cj,www.glassdoor.com,Sample review for cj from www.glassdoor.com
cj,www.imdb.com,Sample review for cj from www.imdb.com
cj,www.getapp.com,Sample review for cj from www.getapp.com
cj,www.youtube.com,Sample review for cj from www.youtube.com
cj,afluencer.com,Sample review for cj from afluencer.com
cj,www.yelp.com,Sample review for cj from www.yelp.com
cj,www.quora.com,Sample review for cj from www.quora.com
cj,craigcampbellseo.com,Sample review for cj from craigcampbellseo.com
cj,www.growann.com,Sample review for cj from www.growann.com
cj,www.cuspera.com,Sample review for cj from www.cuspera.com
cj,www.influencer-hero.com,Sample review for cj from www.influencer-hero.com
cj,go.partnerize.com,Sample review for cj from go.partnerize.com
cj affiliate,www.trustpilot.com,Sample review for cj affiliate from www.trustpilot.com
cj affiliate,www.reddit.com,Sample review for cj affiliate from www.reddit.com
cj affiliate,www.authorityhacker.com,Sample review for cj affiliate from www.authorityhacker.com
cj affiliate,www.g2.com,Sample review for cj affiliate from www.g2.com
cj affiliate,www.trustradius.com,Sample review for cj affiliate from www.trustradius.com
cj affiliate,www.gartner.com,Sample review for cj affiliate from www.gartner.com
cj affiliate,www.sitejabber.com,Sample review for cj affiliate from www.sitejabber.com
cj affiliate,www.affpaying.com,Sample review for cj affiliate from www.affpaying.com
cj affiliate,www.weberlo.com,Sample review for cj affiliate from www.weberlo.com
cj affiliate,medium.com,Sample review for cj affiliate from medium.com
cj affiliate,www.linkedin.com,Sample review for cj affiliate from www.linkedin.com
cj affiliate,www.traderscooter.com,Sample review for cj affiliate from www.traderscooter.com
cj affiliate,smartblogger.com,Sample review for cj affiliate from smartblogger.com
cj affiliate,www.clickbank.com,Sample review for cj affiliate from www.clickbank.com
cj affiliate,www.consumeraffairs.com,Sample review for cj affiliate from www.consumeraffairs.com
cj affiliate,www.capterra.com,Sample review for cj affiliate from www.capterra.com
cj affiliate,www.crazyegg.com,Sample review for cj affiliate from www.crazyegg.com
cj affiliate,www.iaea.org,Sample review for cj affiliate from www.iaea.org
cj affiliate,apps.shopify.com,Sample review for cj affiliate from apps.shopify.com
cj affiliate,www.glassdoor.com,Sample review for cj affiliate from www.glassdoor.com
cj affiliate,www.imdb.com,Sample review for cj affiliate from www.imdb.com
cj affiliate,www.getapp.com,Sample review for cj affiliate from www.getapp.com
cj affiliate,www.youtube.com,Sample review for cj affiliate from www.youtube.com
cj affiliate,afluencer.com,Sample review for cj affiliate from afluencer.com
cj affiliate,www.yelp.com,Sample review for cj affiliate from www.yelp.com
cj affiliate,www.quora.com,Sample review for cj affiliate from www.quora.com
cj affiliate,craigcampbellseo.com,Sample review for cj affiliate from craigcampbellseo.com
cj affiliate,www.growann.com,Sample review for cj affiliate from www.growann.com
cj affiliate,www.cuspera.com,Sample review for cj affiliate from www.cuspera.com
cj affiliate,www.influencer-hero.com,Sample review for cj affiliate from www.influencer-hero.com
cj affiliate,go.partnerize.com,Sample review for cj affiliate from go.partnerize.com
ShareASale,www.trustpilot.com,Sample review for ShareASale from www.trustpilot.com
ShareASale,www.reddit.com,Sample review for ShareASale from www.reddit.com
ShareASale,www.authorityhacker.com,Sample review for ShareASale from www.authorityhacker.com
ShareASale,www.g2.com,Sample review for ShareASale from www.g2.com
ShareASale,www.trustradius.com,Sample review for ShareASale from www.trustradius.com
ShareASale,www.gartner.com,Sample review for ShareASale from www.gartner.com
ShareASale,www.sitejabber.com,Sample review for ShareASale from www.sitejabber.com
ShareASale,www.affpaying.com,Sample review for ShareASale from www.affpaying.com
ShareASale,www.weberlo.com,Sample review for ShareASale from www.weberlo.com
ShareASale,medium.com,Sample review for ShareASale from medium.com
ShareASale,www.linkedin.com,Sample review for ShareASale from www.linkedin.com
ShareASale,www.traderscooter.com,Sample review for ShareASale from www.traderscooter.com
ShareASale,smartblogger.com,Sample review for ShareASale from smartblogger.com
ShareASale,www.clickbank.com,Sample review for ShareASale from www.clickbank.com
ShareASale,www.consumeraffairs.com,Sample review for ShareASale from www.consumeraffairs.com
ShareASale,www.capterra.com,Sample review for ShareASale from www.capterra.com
ShareASale,www.crazyegg.com,Sample review for ShareASale from www.crazyegg.com
ShareASale,www.iaea.org,Sample review for ShareASale from www.iaea.org
ShareASale,apps.shopify.com,Sample review for ShareASale from apps.shopify.com
ShareASale,www.glassdoor.com,Sample review for ShareASale from www.glassdoor.com
ShareASale,www.imdb.com,Sample review for ShareASale from www.imdb.com
ShareASale,www.getapp.com,Sample review for ShareASale from www.getapp.com
ShareASale,www.youtube.com,Sample review for ShareASale from www.youtube.com
ShareASale,afluencer.com,Sample review for ShareASale from afluencer.com
ShareASale,www.yelp.com,Sample review for ShareASale from www.yelp.com
ShareASale,www.quora.com,Sample review for ShareASale from www.quora.com
ShareASale,craigcampbellseo.com,Sample review for ShareASale from craigcampbellseo.com
ShareASale,www.growann.com,Sample review for ShareASale from www.growann.com
ShareASale,www.cuspera.com,Sample review for ShareASale from www.cuspera.com
ShareASale,www.influencer-hero.com,Sample review for ShareASale from www.influencer-hero.com
ShareASale,go.partnerize.com,Sample review for ShareASale from go.partnerize.com
ClickBank,www.trustpilot.com,Sample review for ClickBank from www.trustpilot.com
ClickBank,www.reddit.com,Sample review for ClickBank from www.reddit.com
ClickBank,www.authorityhacker.com,Sample review for ClickBank from www.authorityhacker.com
ClickBank,www.g2.com,Sample review for ClickBank from www.g2.com
ClickBank,www.trustradius.com,Sample review for ClickBank from www.trustradius.com
ClickBank,www.gartner.com,Sample review for ClickBank from www.gartner.com
ClickBank,www.sitejabber.com,Sample review for ClickBank from www.sitejabber.com
ClickBank,www.affpaying.com,Sample review for ClickBank from www.affpaying.com
ClickBank,www.weberlo.com,Sample review for ClickBank from www.weberlo.com
ClickBank,medium.com,Sample review for ClickBank from medium.com
ClickBank,www.linkedin.com,Sample review for ClickBank from www.linkedin.com
ClickBank,www.traderscooter.com,Sample review for ClickBank from www.traderscooter.com
ClickBank,smartblogger.com,Sample review for ClickBank from smartblogger.com
ClickBank,www.clickbank.com,Sample review for ClickBank from www.clickbank.com
ClickBank,www.consumeraffairs.com,Sample review for ClickBank from www.consumeraffairs.com
ClickBank,www.capterra.com,Sample review for ClickBank from www.capterra.com
ClickBank,www.crazyegg.com,Sample review for ClickBank from www.crazyegg.com
ClickBank,www.iaea.org,Sample review for ClickBank from www.iaea.org
ClickBank,apps.shopify.com,Sample review for ClickBank from apps.shopify.com
ClickBank,www.glassdoor.com,Sample review for ClickBank from www.glassdoor.com
ClickBank,www.imdb.com,Sample review for ClickBank from www.imdb.com
ClickBank,www.getapp.com,Sample review for ClickBank from www.getapp.com
ClickBank,www.youtube.com,Sample review for ClickBank from www.youtube.com
ClickBank,afluencer.com,Sample review for ClickBank from afluencer.com
ClickBank,www.yelp.com,Sample review for ClickBank from www.yelp.com
ClickBank,www.quora.com,Sample review for ClickBank from www.quora.com
ClickBank,craigcampbellseo.com,Sample review for ClickBank from craigcampbellseo.com
ClickBank,www.growann.com,Sample review for ClickBank from www.growann.com
ClickBank,www.cuspera.com,Sample review for ClickBank from www.cuspera.com
ClickBank,www.influencer-hero.com,Sample review for ClickBank from www.influencer-hero.com
ClickBank,go.partnerize.com,Sample review for ClickBank from go.partnerize.com
Impact,www.trustpilot.com,Sample review for Impact from www.trustpilot.com
Impact,www.reddit.com,Sample review for Impact from www.reddit.com
Impact,www.authorityhacker.com,Sample review for Impact from www.authorityhacker.com
Impact,www.g2.com,Sample review for Impact from www.g2.com
Impact,www.trustradius.com,Sample review for Impact from www.trustradius.com
Impact,www.gartner.com,Sample review for Impact from www.gartner.com
Impact,www.sitejabber.com,Sample review for Impact from www.sitejabber.com
Impact,www.affpaying.com,Sample review for Impact from www.affpaying.com
Impact,www.weberlo.com,Sample review for Impact from www.weberlo.com
Impact,medium.com,Sample review for Impact from medium.com
Impact,www.linkedin.com,Sample review for Impact from www.linkedin.com
Impact,www.traderscooter.com,Sample review for Impact from www.traderscooter.com
Impact,smartblogger.com,Sample review for Impact from smartblogger.com
Impact,www.clickbank.com,Sample review for Impact from www.clickbank.com
Impact,www.consumeraffairs.com,Sample review for Impact from www.consumeraffairs.com
Impact,www.capterra.com,Sample review for Impact from www.capterra.com
Impact,www.crazyegg.com,Sample review for Impact from www.crazyegg.com
Impact,www.iaea.org,Sample review for Impact from www.iaea.org
Impact,apps.shopify.com,Sample review for Impact from apps.shopify.com
Impact,www.glassdoor.com,Sample review for Impact from www.glassdoor.com
Impact,www.imdb.com,Sample review for Impact from www.imdb.com
Impact,www.getapp.com,Sample review for Impact from www.getapp.com
Impact,www.youtube.com,Sample review for Impact from www.youtube.com
Impact,afluencer.com,Sample review for Impact from afluencer.com
Impact,www.yelp.com,Sample review for Impact from www.yelp.com
Impact,www.quora.com,Sample review for Impact from www.quora.com
Impact,craigcampbellseo.com,Sample review for Impact from craigcampbellseo.com
Impact,www.growann.com,Sample review for Impact from www.growann.com
Impact,www.cuspera.com,Sample review for Impact from www.cuspera.com
Impact,www.influencer-hero.com,Sample review for Impact from www.influencer-hero.com
Impact,go.partnerize.com,Sample review for Impact from go.partnerize.com
AWIN,www.trustpilot.com,Sample review for AWIN from www.trustpilot.com
AWIN,www.reddit.com,Sample review for AWIN from www.reddit.com
AWIN,www.authorityhacker.com,Sample review for AWIN from www.authorityhacker.com
AWIN,www.g2.com,Sample review for AWIN from www.g2.com
AWIN,www.trustradius.com,Sample review for AWIN from www.trustradius.com
AWIN,www.gartner.com,Sample review for AWIN from www.gartner.com
AWIN,www.sitejabber.com,Sample review for AWIN from www.sitejabber.com
AWIN,www.affpaying.com,Sample review for AWIN from www.affpaying.com
AWIN,www.weberlo.com,Sample review for AWIN from www.weberlo.com
AWIN,medium.com,Sample review for AWIN from medium.com
AWIN,www.linkedin.com,Sample review for AWIN from www.linkedin.com
AWIN,www.traderscooter.com,Sample review for AWIN from www.traderscooter.com
AWIN,smartblogger.com,Sample review for AWIN from smartblogger.com
AWIN,www.clickbank.com,Sample review for AWIN from www.clickbank.com
AWIN,www.consumeraffairs.com,Sample review for AWIN from www.consumeraffairs.com
AWIN,www.capterra.com,Sample review for AWIN from www.capterra.com
AWIN,www.crazyegg.com,Sample review for AWIN from www.crazyegg.com
AWIN,www.iaea.org,Sample review for AWIN from www.iaea.org
AWIN,apps.shopify.com,Sample review for AWIN from apps.shopify.com
AWIN,www.glassdoor.com,Sample review for AWIN from www.glassdoor.com
AWIN,www.imdb.com,Sample review for AWIN from www.imdb.com
AWIN,www.getapp.com,Sample review for AWIN from www.getapp.com
AWIN,www.youtube.com,Sample review for AWIN from www.youtube.com
AWIN,afluencer.com,Sample review for AWIN from afluencer.com
AWIN,www.yelp.com,Sample review for AWIN from www.yelp.com
AWIN,www.quora.com,Sample review for AWIN from www.quora.com
AWIN,craigcampbellseo.com,Sample review for AWIN from craigcampbellseo.com
AWIN,www.growann.com,Sample review for AWIN from www.growann.com
AWIN,www.cuspera.com,Sample review for AWIN from www.cuspera.com
AWIN,www.influencer-hero.com,Sample review for AWIN from www.influencer-hero.com
AWIN,go.partnerize.com,Sample review for AWIN from go.partnerize.com
Rakuten Advertising,www.trustpilot.com,Sample review for Rakuten Advertising from www.trustpilot.com
Rakuten Advertising,www.reddit.com,Sample review for Rakuten Advertising from www.reddit.com
Rakuten Advertising,www.authorityhacker.com,Sample review for Rakuten Advertising from www.authorityhacker.com
Rakuten Advertising,www.g2.com,Sample review for Rakuten Advertising from www.g2.com
Rakuten Advertising,www.trustradius.com,Sample review for Rakuten Advertising from www.trustradius.com
Rakuten Advertising,www.gartner.com,Sample review for Rakuten Advertising from www.gartner.com
Rakuten Advertising,www.sitejabber.com,Sample review for Rakuten Advertising from www.sitejabber.com
Rakuten Advertising,www.affpaying.com,Sample review for Rakuten Advertising from www.affpaying.com
Rakuten Advertising,www.weberlo.com,Sample review for Rakuten Advertising from www.weberlo.com
Rakuten Advertising,medium.com,Sample review for Rakuten Advertising from medium.com
Rakuten Advertising,www.linkedin.com,Sample review for Rakuten Advertising from www.linkedin.com
Rakuten Advertising,www.traderscooter.com,Sample review for Rakuten Advertising from www.traderscooter.com
Rakuten Advertising,smartblogger.com,Sample review for Rakuten Advertising from smartblogger.com
Rakuten Advertising,www.clickbank.com,Sample review for Rakuten Advertising from www.clickbank.com
Rakuten Advertising,www.consumeraffairs.com,Sample review for Rakuten Advertising from www.consumeraffairs.com
Rakuten Advertising,www.capterra.com,Sample review for Rakuten Advertising from www.capterra.com
Rakuten Advertising,www.crazyegg.com,Sample review for Rakuten Advertising from www.crazyegg.com
Rakuten Advertising,www.iaea.org,Sample review for Rakuten Advertising from www.iaea.org
Rakuten Advertising,apps.shopify.com,Sample review for Rakuten Advertising from apps.shopify.com
Rakuten Advertising,www.glassdoor.com,Sample review for Rakuten Advertising from www.glassdoor.com
Rakuten Advertising,www.imdb.com,Sample review for Rakuten Advertising from www.imdb.com
Rakuten Advertising,www.getapp.com,Sample review for Rakuten Advertising from www.getapp.com
Rakuten Advertising,www.youtube.com,Sample review for Rakuten Advertising from www.youtube.com
Rakuten Advertising,afluencer.com,Sample review for Rakuten Advertising from afluencer.com
Rakuten Advertising,www.yelp.com,Sample review for Rakuten Advertising from www.yelp.com
Rakuten Advertising,www.quora.com,Sample review for Rakuten Advertising from www.quora.com
Rakuten Advertising,craigcampbellseo.com,Sample review for Rakuten Advertising from craigcampbellseo.com
Rakuten Advertising,www.growann.com,Sample review for Rakuten Advertising from www.growann.com
Rakuten Advertising,www.cuspera.com,Sample review for Rakuten Advertising from www.cuspera.com
Rakuten Advertising,www.influencer-hero.com,Sample review for Rakuten Advertising from www.influencer-hero.com
Rakuten Advertising,go.partnerize.com,Sample review for Rakuten Advertising from go.partnerize.com
Partnerize,www.trustpilot.com,Sample review for Partnerize from www.trustpilot.com
Partnerize,www.reddit.com,Sample review for Partnerize from www.reddit.com
Partnerize,www.authorityhacker.com,Sample review for Partnerize from www.authorityhacker.com
Partnerize,www.g2.com,Sample review for Partnerize from www.g2.com
Partnerize,www.trustradius.com,Sample review for Partnerize from www.trustradius.com
Partnerize,www.gartner.com,Sample review for Partnerize from www.gartner.com
Partnerize,www.sitejabber.com,Sample review for Partnerize from www.sitejabber.com
Partnerize,www.affpaying.com,Sample review for Partnerize from www.affpaying.com
Partnerize,www.weberlo.com,Sample review for Partnerize from www.weberlo.com
Partnerize,medium.com,Sample review for Partnerize from medium.com
Partnerize,www.linkedin.com,Sample review for Partnerize from www.linkedin.com
Partnerize,www.traderscooter.com,Sample review for Partnerize from www.traderscooter.com
Partnerize,smartblogger.com,Sample review for Partnerize from smartblogger.com
Partnerize,www.clickbank.com,Sample review for Partnerize from www.clickbank.com
Partnerize,www.consumeraffairs.com,Sample review for Partnerize from www.consumeraffairs.com
Partnerize,www.capterra.com,Sample review for Partnerize from www.capterra.com
Partnerize,www.crazyegg.com,Sample review for Partnerize from www.crazyegg.com
Partnerize,www.iaea.org,Sample review for Partnerize from www.iaea.org
Partnerize,apps.shopify.com,Sample review for Partnerize from apps.shopify.com
Partnerize,www.glassdoor.com,Sample review for Partnerize from www.glassdoor.com
Partnerize,www.imdb.com,Sample review for Partnerize from www.imdb.com
Partnerize,www.getapp.com,Sample review for Partnerize from www.getapp.com
Partnerize,www.youtube.com,Sample review for Partnerize from www.youtube.com
Partnerize,afluencer.com,Sample review for Partnerize from afluencer.com
Partnerize,www.yelp.com,Sample review for Partnerize from www.yelp.com
Partnerize,www.quora.com,Sample review for Partnerize from www.quora.com
Partnerize,craigcampbellseo.com,Sample review for Partnerize from craigcampbellseo.com
Partnerize,www.growann.com,Sample review for Partnerize from www.growann.com
Partnerize,www.cuspera.com,Sample review for Partnerize from www.cuspera.com
Partnerize,www.influencer-hero.com,Sample review for Partnerize from www.influencer-hero.com
Partnerize,go.partnerize.com,Sample review for Partnerize from go.partnerize.com
