title,link,snippet,rating,rating_threshold,reviews,rating2
Read Customer Service Reviews of www.cj.com - Trustpilot,https://www.trustpilot.com/review/www.cj.com,Join the 201 people who've already reviewed CJ. Your experience can help others make better choices.,1.5,"5,",201,Rated 1.5
Anyone else think CJ Affiliate is hot garbage? : r/juststart,https://www.reddit.com/r/juststart/comments/scboyk/anyone_else_think_cj_affiliate_is_hot_garbage/,"It seems like utter garbage to me, truly the worst affiliate network out there - I don't know how they get companies to sign up to it still.",,,,
CJ Affiliate Review (Commission Junction) 2024,https://www.authorityhacker.com/cj-affiliate-review/,CJ was the best affiliate network in the world at one stage. Is it still on the top? Check our CJ Affiliate review 2024.,,,,
"CJ Affiliate Reviews 2024: Details, Pricing, & Features",https://www.g2.com/products/cj-affiliate/reviews,"Positive experience with CJ Affiliate, but dislike high minimum payout threshold, the slow approval process for affiliate programs, and limited reporting and ...",3.2,"5,",23,Rated 3.0
CJ Affiliate Reviews & Ratings 2024,https://www.trustradius.com/products/cj-affiliate/reviews,One of the best worldwide affiliate networks that help my company to earn money within a few months. The best thing about this software is that it is campaign ...,5,"5,",,Rated 2.5
Commission Junction (CJ) Reviews - 56 Reviews of Cj.com,https://www.sitejabber.com/reviews/cj.com,"Commission Junction (CJ) has a rating of 1.3 stars from 56 reviews, indicating that most customers are generally dissatisfied with their purchases.",,,,
CJ Affiliate Reviews - Are They Scam or Legit?,https://www.weberlo.com/blog/cj-affiliate-reviews,"May 17, 2022 — CJ Affiliate is an entirely legit affiliate marketing platform with experience of over 20 years. The company comes with many advantages for users and some ...",,,,
CJ Affiliate - Affiliate Network Reviews,https://www.affpaying.com/cjaffiliate,Cj is the worst affiliate network I've ever worked with. They suspended my account with no reason and am having $1250 stuck with them.,3.6,"5,",,Rated 3.5
Gateron CJ Switch Review,https://www.keebtalk.com/t/gateron-cj-switch-review/15467,"Oct 3, 2021 — On regular key presses, they are incredibly smooth, like Tangie v2 smooth, and with no lube at all. This is next level stem surface polishing for sure.",,,,
