company,search_term,url,people_also_search,people_also_search_companies,videos,people_also_ask,discussions_forums_title,discussions_forums_name,discussions_forums_date,sponsored_company,sponsored_url,sponsored_title
cj,reviews,https://www.google.com/search?q=cj+reviews,"Cj reviews complaints, Cj reviews reddit, CJ Affiliate, Cj reviews yelp",,"How To Make Money With CJ Affiliate | CJ Affiliate Program ... (YouTube, 8:32, Nov 29, 2023), CJ Dropshipping Review: Pros and Cons (YouTube, 17:29, Mar 25, 2021)","Is CJ trustworthy?, Is CJ Affiliate good for beginners?, How does CJ Affiliate pay you?, How much does it cost to join CJ Affiliate?",,,,,,
cj,ratings,https://www.google.com/search?q=cj+ratings,"Cj ratings nba, Cj ratings all time, CJ Affiliate, Is CJ affiliate legit Reddit",,,"Is CJ trustworthy?, What is the rating of CJ Affiliate?, Is CJ Affiliate good for beginners?, What is the commission rate for CJ?",,,,,,
cj, ,https://www.google.com/search?q=cj++,,,,"What does a CJ mean?, Is CJ A Boy or a girl?, What happened to CJ Whoopty, rapper?, Who is the rapper called CJ?",,,,,,
cj affiliate,reviews,https://www.google.com/search?q=cj+affiliate+reviews,"Cj affiliate reviews reddit, Cj affiliate reviews complaints, CJ affiliate Reddit, Is CJ affiliate legit Reddit",,"How To Make Money With CJ Affiliate | CJ Affiliate Program ... (YouTube, 8:32, Nov 29, 2023), Commission Junction Affiliate Network Review (YouTube, 17:48, May 27, 2020), CJ Affiliate Program Review Plus 5 Ways To Make Money (YouTube, 16:34, Aug 30, 2021)","Is the CJ Affiliate program legit?, How much do CJ affiliates make?, Is CJ Affiliate good for beginners?, How does CJ Affiliate pay?","As a business, is signing up for CJ or Awin worth it?",Reddit  ·,r/Affiliatemarketing  ·  20+ comments  ·  1y ago,get.impact.com,https://get.impact.com/ppc-affiliate-demo-comp/,impact.com Is The Best Choice
cj affiliate,ratings,https://www.google.com/search?q=cj+affiliate+ratings,"CJ affiliate Reddit, Is CJ affiliate legit, Is CJ affiliate legit Reddit, CJ Affiliate commission rate",,"How To Make Money With CJ Affiliate | CJ Affiliate Program ... (YouTube, 8:32, Nov 29, 2023), Commission Junction Affiliate Network Review (YouTube, 17:48, May 27, 2020)","How much do CJ affiliates make?, Is CJ a good affiliate program?, How often does CJ Affiliate pay?, Is CJ Affiliate better than ClickBank?",,,,get.impact.com,https://get.impact.com/ppc-affiliate-demo-comp/,CJ Affiliate
cj affiliate, ,https://www.google.com/search?q=cj+affiliate++,"CJ Affiliate login, CJ Affiliate Tripadvisor, CJ Affiliate sign up, CJ Affiliate products",,"How To Use CJ Affiliate 2024 (Step-By-Step) (YouTube, 8:16, Jun 20, 2023), How To Make Money With CJ Affiliate 2024 (Step-By-Step For ... (YouTube, 9:03, Mar 21, 2023), How To Make Money With CJ Affiliate | CJ Affiliate Program ... (YouTube, 8:32, Nov 29, 2023)","Is CJ Affiliate real or fake?, How much does CJ Affiliate pay?, What do CJ affiliates do?, Is CJ Affiliate good for beginners?",,,,get.impact.com,https://get.impact.com/ppc-affiliate-demo-comp/,CJ Affiliate
ShareASale,reviews,https://www.google.com/search?q=ShareASale+reviews,"Shareasale reviews reddit, Shareasale reviews bbb, ShareASale affiliate, ShareASale products",,,"Can you really make money with ShareASale?, Is sharesales.com legit?, Is ShareASale better than ClickBank?, Is ShareASale good for affiliate marketing?",How good is ShareaSale?,Reddit  ·,r/Affiliatemarketing  ·  10+ comments  ·  3y ago,Everflow,https://www.everflow.io/grow/best-affiliate-platforms,The #1 Affiliate Platform
ShareASale,ratings,https://www.google.com/search?q=ShareASale+ratings,"Shareasale ratings today, ShareASale review Reddit, ShareASale products, Shareasale ratings 2021",,,"Is ShareASale affiliate legit?, Can you really make money with ShareASale?, Is ShareASale better than ClickBank?, Do influencers use ShareASale?",,,,,,
ShareASale, ,https://www.google.com/search?q=ShareASale++,"ShareASale affiliate program, ShareASale login, ShareASale products, ShareASale affiliate login",,"ShareASale Tutorial: How I make $687.75 per day... (YouTube, 13:47, Aug 9, 2023), ShareASale Tutorial for Affiliate Marketing - Beginner's Guide ... (YouTube, 7:41, Oct 22, 2022), How To Create Affiliate Links On ShareASale (Affiliate ... (YouTube, 5:10, Nov 30, 2022)","Can you really make money with ShareASale?, What is ShareASale used for?, Does ShareASale have a monthly fee?, Is ShareASale better than ClickBank?",,,,,,
ClickBank,reviews,https://www.google.com/search?q=ClickBank+reviews,"Clickbank reviews reddit, ClickBank products, Clickbank reviews bbb, ClickBank ScamAdviser",,"Is ClickBank Legit? Let’s Talk About the Pros and Cons (YouTube, 3:11, Feb 6, 2023), Clickbank Automated AI Product Reviews: Affiliate Marketing ... (YouTube, 9:25, Jul 26, 2023)","How trustworthy is ClickBank?, Can you really make money on ClickBank?, What is the downside of ClickBank?, Is it safe to pay with ClickBank?",Is Click Bank Even Worth The Time And Effort?,Reddit  ·,r/Affiliatemarketing  ·  30+ comments  ·  3y ago,centerforworklife.com,https://centerforworklife.com/opp/affiliate-marketing/clickbank/,Unmasking ClickBank - Scam Or Money Making Machine?
ClickBank,ratings,https://www.google.com/search?q=ClickBank+ratings,"Clickbank ratings bbb, ClickBank ScamAdviser, ClickBank products, Clickbank reviews Reddit",,"Is ClickBank Legit? Let’s Talk About the Pros and Cons (YouTube, 3:11, Feb 6, 2023), Clickbank Review (Clickbank Marketplace Review & Thoughts) (YouTube, 6:13, Apr 25, 2022), Clickbank Affiliate Program Review (Clickbank Pros And Cons) (YouTube, 7:34, Feb 13, 2023)","How trustworthy is ClickBank?, What is the downside of ClickBank?, Does ClickBank pay well?, Is it safe to pay with ClickBank?",,,,centerforworklife.com,https://centerforworklife.com/opp/affiliate-marketing/clickbank/,Unmasking ClickBank - Scam Or Money Making Machine?
ClickBank, ,https://www.google.com/search?q=ClickBank++,"ClickBank marketplace, clickbank.com login, ClickBank products, ClickBank sign up",,"Clickbank Affiliate Marketing 2024: How Beginners Are ... (YouTube, 25:33, Feb 28, 2024), How to Make Money with Clickbank Affiliate Marketing (YouTube, 20:23, 1 month ago), ClickBank for Beginners: How to Get Started in Under 15 ... (YouTube, 13:33, Apr 12, 2023)","Can you actually make money on ClickBank?, Is ClickBank legitimate?, What are the disadvantages of ClickBank?, How does ClickBank work exactly?",,,,,,
Impact,reviews,https://www.google.com/search?q=Impact+reviews,"Impact reviews reddit, Impact reviews complaints, Impact Review meaning, Site Impact reviews",,,"Is impact.com a legit site?, Is impact network legit?, What is an impact review?, Is impact the best affiliate program?",,,,get.impact.com,https://get.impact.com/ppc-partnerships-v6/,Impact Review
Impact,ratings,https://www.google.com/search?q=Impact+ratings,"Impact ratings wwe, Impact ratings this week, Impact ratings today, Impact ratings by year",,,"What is the impact rating system?, What is the standard for impact rating?, What is an ESG impact rating?, What are the risk impact ratings?",,,,,,
Impact, ,https://www.google.com/search?q=Impact++,"Impact login, Impact LoL, Impact company, Impact meaning",,,"What is the synonym of impact?, What is the biblical meaning of impact?, What does impact mean in someone's life?, Have an impact on synonyms?",,,,,,
AWIN,reviews,https://www.google.com/search?q=AWIN+reviews,"Awin reviews reddit, Awin reviews complaints, Is Awin safe, Awin affiliate requirements",,,"Is Awin a reputable company?, Is Awin good for affiliate marketing?, Does Awin pay well?, What is Awin and how does it work?",Experience With AWIN | Affiliate Marketing Forum,AffiliateFix  ·,3y ago,Everflow,https://www.everflow.io/grow/affiliate-marketing-software,The #1 Affiliate Software
AWIN,ratings,https://www.google.com/search?q=AWIN+ratings,"Awin ratings reddit, Is Awin safe, Awin affiliate, Is Awin free",,,"Is Awin a reputable company?, Is Awin good for affiliate marketing?, Is Awin secure?, What companies use Awin?",,,,,,
AWIN, ,https://www.google.com/search?q=AWIN++,"Awin login, Awin products, Awin affiliate, Awin UK",,,"What is Awin and how does it work?, What is the meaning of Awin?, What is Awin in English?, Is Awin legit?",,,,,,
Rakuten Advertising,reviews,https://www.google.com/search?q=Rakuten+Advertising+reviews,"Rakuten affiliate program, Rakuten Advertising salary, Awin reviews, Rakuten Advertising Glassdoor",,,"Is Rakuten Advertising good?, How much does it cost to be a Rakuten advertiser?, What is the commission rate for Rakuten Advertising?, What does Rakuten Advertising do?","What are your experience using affiliate platforms such as CJ, Rakuten etc ...",Reddit  ·,r/PPC  ·  6 comments  ·  6mo ago,get.impact.com,https://get.impact.com/ppc-affiliate-demo-comp/,Rakuten Advertising - Meh - There's a Better Choice
Rakuten Advertising,ratings,https://www.google.com/search?q=Rakuten+Advertising+ratings,"Rakuten Advertising salary, Rakuten affiliate program, Rakuten Advertising Glassdoor",,,"Is Rakuten Advertising good?, What is the commission rate for Rakuten Advertising?, How much does it cost to be a Rakuten advertiser?, How many advertisers are on Rakuten?",,,,rakutenadvertising.com,https://rakutenadvertising.com/affiliate/,Voted #1 Affiliate Network - Rakuten® Advertising Affiliate
Rakuten Advertising, ,https://www.google.com/search?q=Rakuten+Advertising++,"Rakuten affiliate, Rakuten Advertising Login, Rakuten Advertising jobs, Rakuten Affiliate sign up",,,"What does Rakuten Advertising do?, What is the commission rate for Rakuten Advertising?, How much does it cost to be a Rakuten advertiser?, Is Rakuten marketing legit?",,,,,,
Partnerize,reviews,https://www.google.com/search?q=Partnerize+reviews,"Partnerize pricing, Partnerize affiliate, Partnerize salary, PartnerStack reviews",,,"Who uses Partnerize?, How many employees does Partnerize have?, Where is Partnerize located?",,,,Everflow,https://www.everflow.io/compare/partnerize,Partnerize? We're Better. - The More Powerful Platform
Partnerize,ratings,https://www.google.com/search?q=Partnerize+ratings,"Partnerize pricing, Partnerize affiliate, How to use Partnerize, Partnerize payment method",,,"How many employees does Partnerize have?, Who uses Partnerize?, Where is Partnerize located?",,,,get.impact.com,https://get.impact.com/ppc-affiliate-demo-comp/,Partnerize Vs - Disappointed with Partnerize?
Partnerize, ,https://www.google.com/search?q=Partnerize++,"Partnerize login, Partnerize affiliate, Partnerize pricing, Partnerize affiliate login",,"Partnerize Affiliate Dashboard Tutorial [2024] | Step by Step ... (YouTube, 32:59, Jan 30, 2024), How To Use Partnerize Affiliate Program 2024 (Step-by-Step) (YouTube, 9:28, Apr 10, 2024), About The Partnerize Partnership Marketing Platform (YouTube, 1:16, Apr 28, 2021)","What are the benefits of Partnerize?, Who uses partnerize?, What is a partnerize platform?, How to make money with Partnerize?",,,,Partnerize,https://partnerize.com/,Choose Partnerize.
