position,company,search_term,review_site
1,cj,reviews,trustpilot.com
2,cj,reviews,Reddit · r/juststart
3,cj,reviews,Authority Hacker
4,cj,reviews,G2
5,cj,reviews,TrustRadius
6,cj,reviews,Sitejabber
7,cj,reviews,Weberlo
8,cj,reviews,Affpaying
9,cj,reviews,KeebTalk
1,cj,ratings,trustpilot.com
2,cj,ratings,G2
3,cj,ratings,Authority Hacker
4,cj,ratings,TrustRadius
5,cj,ratings,Gartner
6,cj,ratings,HoopsHype
7,cj,ratings,The Classical Journal
8,cj,ratings,NBA 2K Ratings
9,cj,ratings,The Classical Journal
10,cj,ratings,Indeed
1,cj,vs cj,Reddit · r/GTA
2,cj,vs cj,GameFAQs
3,cj,vs cj,VS Battles Wiki Forum
4,cj,vs cj,Wikipedia
5,cj,vs cj,GTAForums
6,cj,vs cj,Jeep Wrangler Forum
7,cj,vs cj,Louisville Chrysler Dodge Jeep Ram
8,cj,vs cj,Quora
1,cj affiliate,reviews,Authority Hacker
2,cj affiliate,reviews,G2
3,cj affiliate,reviews,Reddit · r/juststart
4,cj affiliate,reviews,trustpilot.com
5,cj affiliate,reviews,TrustRadius
6,cj affiliate,reviews,Medium · Komal
7,cj affiliate,reviews,Affpaying
8,cj affiliate,reviews,LinkedIn · Affiliate Marketing
1,cj affiliate,ratings,TrustRadius
2,cj affiliate,ratings,TrustRadius
3,cj affiliate,ratings,Authority Hacker
4,cj affiliate,ratings,G2
5,cj affiliate,ratings,trustpilot.com
6,cj affiliate,ratings,G2
7,cj affiliate,ratings,Gartner
8,cj affiliate,ratings,Affpaying
9,cj affiliate,ratings,Weberlo
10,cj affiliate,ratings,Reddit · r/juststart
1,cj affiliate,vs cj,Advertise Purple
2,cj affiliate,vs cj,Advertise Purple
3,cj affiliate,vs cj,CJ Affiliate
4,cj affiliate,vs cj,Quora
5,cj affiliate,vs cj,Authority Hacker
6,cj affiliate,vs cj,Reddit · r/juststart
7,cj affiliate,vs cj,Wikipedia
8,cj affiliate,vs cj,CJ Affiliate
9,cj affiliate,vs cj,Reddit · r/Affiliatemarketing
10,cj affiliate,vs cj,Easy Affiliate
1,ShareASale,reviews,traderscooter.com
2,ShareASale,reviews,G2
3,ShareASale,reviews,trustpilot.com
4,ShareASale,reviews,Reddit · r/Affiliatemarketing
5,ShareASale,reviews,Authority Hacker
6,ShareASale,reviews,LinkedIn · Zain Ali
7,ShareASale,reviews,Affpaying
8,ShareASale,reviews,Sitejabber
9,ShareASale,reviews,BestReviews.net
1,ShareASale,ratings,traderscooter.com
2,ShareASale,ratings,G2
3,ShareASale,ratings,trustpilot.com
4,ShareASale,ratings,Authority Hacker
5,ShareASale,ratings,Shopify App Store
6,ShareASale,ratings,BestReviews.net
7,ShareASale,ratings,Affpaying
8,ShareASale,ratings,LinkedIn · Zain Ali
9,ShareASale,ratings,Smart Blogger
10,ShareASale,ratings,Sitejabber
1,ShareASale,vs cj,6Sense
2,ShareASale,vs cj,SimilarTech
3,ShareASale,vs cj,Quora
4,ShareASale,vs cj,Easy Affiliate
5,ShareASale,vs cj,Reddit · r/Affiliatemarketing
6,ShareASale,vs cj,Sonary
7,ShareASale,vs cj,Warrior Forum
8,ShareASale,vs cj,We Rock Your Web
9,ShareASale,vs cj,Quora · Tayade Komal
1,ClickBank,reviews,ClickBank
2,ClickBank,reviews,ConsumerAffairs
3,ClickBank,reviews,trustpilot.com
4,ClickBank,reviews,Reddit · r/Affiliatemarketing
5,ClickBank,reviews,Capterra
6,ClickBank,reviews,Crazy Egg
7,ClickBank,reviews,G2
8,ClickBank,reviews,Authority Hacker
1,ClickBank,ratings,ClickBank
2,ClickBank,ratings,ConsumerAffairs
3,ClickBank,ratings,trustpilot.com
4,ClickBank,ratings,getapp.com
5,ClickBank,ratings,G2
6,ClickBank,ratings,Crazy Egg
7,ClickBank,ratings,Authority Hacker
8,ClickBank,ratings,Better Business Bureau
9,ClickBank,ratings,ClickBank
10,ClickBank,ratings,Smart Blogger
1,ClickBank,vs cj,ClickBank
2,ClickBank,vs cj,Quora
3,ClickBank,vs cj,6Sense
4,ClickBank,vs cj,G2
5,ClickBank,vs cj,LinkedIn · Richie Wesley
6,ClickBank,vs cj,Cuspera
7,ClickBank,vs cj,Sonary
1,Impact,reviews,trustpilot.com
2,Impact,reviews,Reddit · r/Affiliatemarketing
3,Impact,reviews,International Atomic Energy Agency (IAEA)
4,Impact,reviews,G2
5,Impact,reviews,Shopify App Store
6,Impact,reviews,TrustRadius
7,Impact,reviews,Glassdoor
8,Impact,reviews,IMDb
9,Impact,reviews,International Atomic Energy Agency (IAEA)
1,Impact,ratings,Impact Frontiers
2,Impact,ratings,Impact Frontiers
3,Impact,ratings,Impact Rating - Anima
4,Impact,ratings,Charity Navigator
5,Impact,ratings,Fightful
6,Impact,ratings,A-SAFE
7,Impact,ratings,TPWW
8,Impact,ratings,Times Higher Education
9,Impact,ratings,411MANIA
10,Impact,ratings,TPWW
1,Impact,vs cj,Reddit · r/Affiliatemarketing
2,Impact,vs cj,G2
3,Impact,vs cj,Medium · Evan Weber
4,Impact,vs cj,6Sense
5,Impact,vs cj,Martech Record
6,Impact,vs cj,Impact
7,Impact,vs cj,TrustRadius
8,Impact,vs cj,Sonary
9,Impact,vs cj,shopdog.io
1,AWIN,reviews,Authority Hacker
2,AWIN,reviews,trustpilot.com
3,AWIN,reviews,Shopify App Store
4,AWIN,reviews,getapp.com
5,AWIN,reviews,G2
6,AWIN,reviews,Reddit · r/Affiliatemarketing
7,AWIN,reviews,Glassdoor
8,AWIN,reviews,Capterra
9,AWIN,reviews,TrustRadius
1,AWIN,ratings,Shopify App Store
2,AWIN,ratings,Shopify App Store
3,AWIN,ratings,getapp.com
4,AWIN,ratings,trustpilot.com
5,AWIN,ratings,Authority Hacker
6,AWIN,ratings,G2
7,AWIN,ratings,Capterra
8,AWIN,ratings,TrustRadius
9,AWIN,ratings,Business of Apps
10,AWIN,ratings,Shopify App Store
11,AWIN,ratings,Glassdoor
1,AWIN,vs cj,G2
2,AWIN,vs cj,Reddit · r/Affiliatemarketing
3,AWIN,vs cj,6Sense
4,AWIN,vs cj,Easy Affiliate
5,AWIN,vs cj,engagemore.co.uk
6,AWIN,vs cj,Cuspera
7,AWIN,vs cj,shopdog.io
8,AWIN,vs cj,Sonary
9,AWIN,vs cj,Comparably
1,Rakuten Advertising,reviews,trustpilot.com
2,Rakuten Advertising,reviews,G2
3,Rakuten Advertising,reviews,Afluencer
4,Rakuten Advertising,reviews,TrustRadius
5,Rakuten Advertising,reviews,Glassdoor
6,Rakuten Advertising,reviews,Yelp
7,Rakuten Advertising,reviews,Quora
8,Rakuten Advertising,reviews,trustpilot.com
9,Rakuten Advertising,reviews,craigcampbellseo.com
1,Rakuten Advertising,ratings,G2
2,Rakuten Advertising,ratings,TrustRadius
3,Rakuten Advertising,ratings,trustpilot.com
4,Rakuten Advertising,ratings,Glassdoor
5,Rakuten Advertising,ratings,Featured Customers
6,Rakuten Advertising,ratings,trustpilot.com
7,Rakuten Advertising,ratings,Yelp
8,Rakuten Advertising,ratings,Rakuten Advertising
9,Rakuten Advertising,ratings,Sonary
10,Rakuten Advertising,ratings,Afluencer
1,Rakuten Advertising,vs cj,G2
2,Rakuten Advertising,vs cj,SimilarTech
3,Rakuten Advertising,vs cj,6Sense
4,Rakuten Advertising,vs cj,Quora
5,Rakuten Advertising,vs cj,TrustRadius
6,Rakuten Advertising,vs cj,6Sense
7,Rakuten Advertising,vs cj,Sonary
8,Rakuten Advertising,vs cj,Martech Record
9,Rakuten Advertising,vs cj,Sonary
1,Partnerize,reviews,trustpilot.com
2,Partnerize,reviews,G2
3,Partnerize,reviews,Growann
4,Partnerize,reviews,Glassdoor
5,Partnerize,reviews,TrustRadius
6,Partnerize,reviews,Cuspera
7,Partnerize,reviews,Influencer Hero
8,Partnerize,reviews,Partnerize
9,Partnerize,reviews,Glassdoor
10,Partnerize,reviews,G2
1,Partnerize,ratings,G2
2,Partnerize,ratings,trustpilot.com
3,Partnerize,ratings,TrustRadius
4,Partnerize,ratings,Growann
5,Partnerize,ratings,G2
6,Partnerize,ratings,Capterra
7,Partnerize,ratings,Glassdoor
8,Partnerize,ratings,Influencer Hero
9,Partnerize,ratings,Cuspera
10,Partnerize,ratings,Glassdoor
1,Partnerize,vs cj,G2
2,Partnerize,vs cj,TrustRadius
3,Partnerize,vs cj,Sonary
4,Partnerize,vs cj,SourceForge
5,Partnerize,vs cj,shopdog.io
6,Partnerize,vs cj,SaaSworthy
7,Partnerize,vs cj,Reddit · r/Affiliatemarketing
8,Partnerize,vs cj,Martech Record
9,Partnerize,vs cj,Locally
10,Partnerize,vs cj,SourceForge