Company,Position,Title,URL,Site Name,Snippet
cj
cj,1,Read Customer Service Reviews of www.cj.com - Trustpilot,https://www.trustpilot.com/review/www.cj.com,www.trustpilot.com,Join the 201 people who've already reviewed CJ. Your experience can help others make better choices.
cj,2,Anyone else think CJ Affiliate is hot garbage? : r/juststart,https://www.reddit.com/r/juststart/comments/scboyk/anyone_else_think_cj_affiliate_is_hot_garbage/,www.reddit.com,"It seems like utter garbage to me, truly the worst affiliate network out there - I don't know how they get companies to sign up to it still."
cj,3,CJ Affiliate Review (Commission Junction) 2024,https://www.authorityhacker.com/cj-affiliate-review/,www.authorityhacker.com,CJ was the best affiliate network in the world at one stage. Is it still on the top? Check our CJ Affiliate review 2024.
cj,4,"CJ Affiliate Reviews 2024: Details, Pricing, & Features",https://www.g2.com/products/cj-affiliate/reviews,www.g2.com,"Positive experience with CJ Affiliate, but dislike high minimum payout threshold, the slow approval process for affiliate programs, and limited reporting and ..."
cj,5,CJ Affiliate Reviews & Ratings 2024,https://www.trustradius.com/products/cj-affiliate/reviews,www.trustradius.com,One of the best worldwide affiliate networks that help my company to earn money within a few months. The best thing about this software is that it is campaign ...
cj,6,"CJ Reviews, Ratings & Features 2024 | Gartner Peer Insights",https://www.gartner.com/reviews/market/affiliate-marketing-platforms/vendor/cj/product/cj,www.gartner.com,"Read the latest, in-depth CJ reviews from real users verified by Gartner Peer Insights, and choose your business software with confidence."
cj,7,Commission Junction (CJ) Reviews - 56 Reviews of Cj.com,https://www.sitejabber.com/reviews/cj.com,www.sitejabber.com,"Commission Junction (CJ) has a rating of 1.3 stars from 56 reviews, indicating that most customers are generally dissatisfied with their purchases."
cj,8,CJ Affiliate - Affiliate Network Reviews,https://www.affpaying.com/cjaffiliate,www.affpaying.com,Cj is the worst affiliate network I've ever worked with. They suspended my account with no reason and am having $1250 stuck with them.
cj,9,CJ Affiliate Reviews - Are They Scam or Legit?,https://www.weberlo.com/blog/cj-affiliate-reviews,www.weberlo.com,"May 17, 2022 — CJ Affiliate is an entirely legit affiliate marketing platform with experience of over 20 years. The company comes with many advantages for users and some ..."

People also search for
Cj reviews complaints
Cj reviews reddit
CJ Affiliate
Cj reviews amazon
Cj reviews yelp
CJ Affiliate review
CJ affiliate Reddit
Is CJ affiliate legit Reddit

Related Keywords


cj affiliate
cj affiliate,1,CJ Affiliate Review (Commission Junction) 2024,https://www.authorityhacker.com/cj-affiliate-review/,www.authorityhacker.com,"CJ was the best affiliate network in the world at one stage. And many people still use it — according to our affiliate marketing statistics page, it's the ..."
cj affiliate,2,Anyone else think CJ Affiliate is hot garbage? : r/juststart,https://www.reddit.com/r/juststart/comments/scboyk/anyone_else_think_cj_affiliate_is_hot_garbage/,www.reddit.com,"Yes, CJ is an absolute hot mess. The website interface is just insane. Suggestions fall on deaf ears. I signed up but quickly bailed."
cj affiliate,3,"CJ Affiliate Reviews 2024: Details, Pricing, & Features",https://www.g2.com/products/cj-affiliate/reviews,www.g2.com,"Positive experience with CJ Affiliate, but dislike high minimum payout threshold, the slow approval process for affiliate programs, and limited reporting and ..."
cj affiliate,4,Read Customer Service Reviews of www.cj.com - Trustpilot,https://www.trustpilot.com/review/www.cj.com,www.trustpilot.com,"CJ Reviews. 201 • Bad. VERIFIED COMPANY. In the ... With over 20 years of experience, we are the most trusted and established name in affiliate marketing."
cj affiliate,5,CJ Affiliate Reviews & Ratings 2024,https://www.trustradius.com/products/cj-affiliate/reviews,www.trustradius.com,One of the best worldwide affiliate networks that help my company to earn money within a few months. The best thing about this software is that it is campaign ...
cj affiliate,6,CJ Affiliate - Affiliate Network Reviews,https://www.affpaying.com/cjaffiliate,www.affpaying.com,Cj is the worst affiliate network I've ever worked with. They suspended my account with no reason and am having $1250 stuck with them.
cj affiliate,7,I Tried the CJ Affiliate Program On Medium- My Earnings.,https://medium.com/@joyandjolly11/i-tried-the-cj-affiliate-program-on-medium-my-experience-and-earnings-caac35344928,medium.com,"If you are a beginner and you don't have at least 10k followers, I don't recommend having it. Because it might demotivate you especially if you ..."
cj affiliate,8,A Beginner Guide To Commission Junction: CJ Affiliate ...,https://www.linkedin.com/pulse/beginner-guide-commission-junction-cj-affiliate-review-marketing,www.linkedin.com,"CJ Affiliate is Easy to use. Until this year, it was relatively unchanged, except for a couple of cosmetic tweaks. You have your main workspace ..."

People also search for
Cj affiliate reviews reddit
Cj affiliate reviews complaints
CJ affiliate Reddit
Is CJ affiliate legit Reddit
Cj affiliate reviews youtube
Is CJ Affiliate free
CJ Affiliate sign up
CJ Affiliate login

Related Keywords


ShareASale
ShareASale,1,Brutally honest ShareASale review: all the pros and cons,https://www.traderscooter.com/shareasale-review/,www.traderscooter.com,"Payouts are always on time, and I've never had any issues with transfers to my account. Again, this is something that I would personally value highly in a ..."
ShareASale,2,"ShareASale Reviews 2024: Details, Pricing, & Features",https://www.g2.com/products/shareasale/reviews,www.g2.com,"They provide good commissions, and they have a large number of merchants with huge links and creatives. Also, Shareasale has good user ratings and great payment ..."
ShareASale,3,Read Customer Service Reviews of www.shareasale.com,https://www.trustpilot.com/review/www.shareasale.com,www.trustpilot.com,Join the 51 people who've already reviewed ShareASale. Your experience can help others make better choices.
ShareASale,4,"ShareASale Review 2024: Pros, Cons & Reviews",https://www.authorityhacker.com/shareasale-review/,www.authorityhacker.com,"Check out our ShareASale review 2024, they're a solid, established affiliate network very well suited to new affiliates."
ShareASale,5,Does anyone have experience with Shareasale?,https://www.reddit.com/r/Affiliatemarketing/comments/10cqczf/does_anyone_have_experience_with_shareasale/,www.reddit.com,I have been using ShareASale since the beginning of the year and we made some pretty nice collaborations. There is a recruitment tool inside ...
ShareASale,6,"ShareASale Review 2024: Pros, Cons & Reviews",https://www.linkedin.com/pulse/shareasale-review-2024-pros-cons-reviews-zain-ali-zyzye,www.linkedin.com,"ShareASale offers a streamlined and straightforward approval process for prospective affiliates, ensuring accessibility and efficiency. Unlike ..."
ShareASale,7,82 Reviews of Shareasale.com,https://www.sitejabber.com/reviews/shareasale.com,www.sitejabber.com,"ShareASale has a rating of 2.1 stars from 82 reviews, indicating that most customers are generally dissatisfied with their purchases."
ShareASale,8,ShareASale - Affiliate Network Reviews,https://www.affpaying.com/shareasale,www.affpaying.com,ShareASale is a very trusted affiliate network. I've worked with them for two years and never had any problem. They always paid me on time on my bank account.
ShareASale,9,ShareASale Review: What's Good (& What's Not) in 2024,https://smartblogger.com/shareasale-review/,smartblogger.com,"Jan 3, 2024 — Pros · Easy sign-up process. · Excellent search & filtering options. · Customizable affiliate links. · Transaction fee paid by the ShareASale ..."

People also search for
Shareasale reviews reddit
Shareasale reviews bbb
ShareASale affiliate
ShareASale products
Shareasale reviews 2021
Is ShareASale free
ShareAsale Trustpilot
ShareASale pricing

Related Keywords


ClickBank
ClickBank,1,ClickBank Reviews [2024],https://www.clickbank.com/reviews/,www.clickbank.com,Browse independent ClickBank reviews from Trustpilot. Read reviews about ClickBank from verified users and discover why our customer service is 2nd to none.
ClickBank,2,Top 104 Reviews From Legit Clickbank Buyers,https://www.consumeraffairs.com/online/clickbank.html,www.consumeraffairs.com,"Aug 27, 2024 — Their refunds are practically non existent. In my opinion the Clickbank platform caters to scam products and their owners."
ClickBank,3,Read Customer Service Reviews of clickbank.com - Trustpilot,https://www.trustpilot.com/review/clickbank.com,www.trustpilot.com,"Do you agree with ClickBank's 4-star rating? Check out what 4488 people have written so far, and share your own experience."
ClickBank,4,ClickBank Feels Dirty : r/Affiliatemarketing,https://www.reddit.com/r/Affiliatemarketing/comments/13a3t5g/clickbank_feels_dirty/,www.reddit.com,I think ClickBank is dirty. I signed up for them yesterday and regret it. That video from Spark felt and sounded like a total MLM pitch.
ClickBank,5,"ClickBank Reviews 2024. Verified Reviews, Pros & Cons",https://www.capterra.com/p/249674/ClickBank/reviews/,www.capterra.com,"The marketplace, account creation, and management are super easy, and the resources are excellent too. Anyone can start using it in just a few hours."
ClickBank,6,ClickBank Review - The Good and Bad for 2024,https://www.crazyegg.com/blog/clickbank-review/,www.crazyegg.com,"Mar 14, 2024 — ClickBank also boasts of never missing a payment in 20 years. ClickBank is undoubtedly a trustworthy platform if you've burnt your fingers ..."
ClickBank,7,"ClickBank Reviews 2024: Details, Pricing, & Features",https://www.g2.com/products/clickbank/reviews,www.g2.com,"Clickbank is a great platform for finding offers to prokmote. The quality of the products are mostly good, at least if you sort to find high gravity items."
ClickBank,8,ClickBank Review 2024: Is ClickBank Legit Or A Scam?,https://www.authorityhacker.com/clickbank-review/,www.authorityhacker.com,ClickBank is a legitimate and popular affiliate network that pays affiliates on time and offers a variety of products to promote.

People also search for
Clickbank reviews reddit
ClickBank products
Clickbank reviews bbb
ClickBank ScamAdviser
ClickBank reviews Trustpilot
ClickBank marketplace
ClickBank lawsuit
ClickBank sign up

Related Keywords


Impact
Impact,1,Read Customer Service Reviews of impact.com - Trustpilot,https://www.trustpilot.com/review/impact.com,www.trustpilot.com,Join the 89 people who've already reviewed Impact. Your experience can help others make better choices.
Impact,2,Impact.com reviews? : r/Affiliatemarketing,https://www.reddit.com/r/Affiliatemarketing/comments/1cfmw5q/impactcom_reviews/,www.reddit.com,I find Impact very frustrating to work with. Non-existent support. Brands are for sure leaving money on the table by working with Impact.
Impact,3,imPACT Reviews | IAEA,https://www.iaea.org/services/review-missions/impact-reviews,www.iaea.org,imPACT Reviews assess a country's cancer control capacities and needs and identify priority interventions to effectively respond to its cancer burden.
Impact,4,impact.com/performance Reviews: 890+ User ...,https://www.g2.com/products/impact-com-performance/reviews,www.g2.com,"Impact is amazing because it's super easy to use. They work with legitimate brands, so you don't have to worry about any type of scams. They track your progress ..."
Impact,5,Reviews: impact.com Affiliate Marketing,https://apps.shopify.com/impact-1/reviews,apps.shopify.com,"Impact is a good affiliate platform with visual data reports and complete functions, which is very convenient for related brands."
Impact,6,Pros and Cons of Impact 2024,https://www.trustradius.com/products/impact/reviews?qs=pros-and-cons,www.trustradius.com,Great Partnership marketplace. One of the best affiliate tracking softwares around. Great compliance software. Read full review ...
Impact,7,impact.com Reviews: What Is It Like to Work At impact.com?,https://www.glassdoor.com/Reviews/impact-com-Reviews-E319986.htm,www.glassdoor.com,"impact.com has an overall rating of 4.0 out of 5, based on over 327 reviews left anonymously by employees. 74% of employees would recommend working at impact."
Impact,8,Reviews: Impact,https://www.imdb.com/title/tt1227637/reviews,www.imdb.com,"""Impact"" is a mini-series that presents a compelling premise but falls short in execution, earning it a 6 out of 10 rating. The show explores the aftermath of a ..."
Impact,9,imPACT Reviews,https://www.iaea.org/sites/default/files/22/07/impact-reviews.pdf,www.iaea.org,An imPACT Review is a three-phase assessment of a country's cancer control capacities and needs. It provides governments and their partners with a baseline ...

People also search for
Impact reviews reddit
Impact reviews complaints
Impact Review meaning
Is Impact affiliate legit
is impact.com free
impact.com login
Impact Marketing reviews
impact.com sign up

Related Keywords


AWIN
AWIN,1,Read Customer Service Reviews of awin.com - Trustpilot,https://www.trustpilot.com/review/awin.com,www.trustpilot.com,How many stars would you give Awin? Join the 825 people who've already contributed. Your experience matters.
AWIN,2,"Awin Review 2024: Affiliate Network Pros, Cons, & Reviews",https://www.authorityhacker.com/awin-review/,www.authorityhacker.com,"Awin has an average rating of 2.8 on Trustpilot, which doesn't sound great. But it's spectacular compared to some other affiliate networks, with CJ Affiliate, ..."
AWIN,3,Reviews: Awin ‑ Affiliate Marketing,https://apps.shopify.com/awin-advertiser-tracking/reviews,apps.shopify.com,From my experience Awin is simply the best Affiliate Network I have worked with; I was able to easily build my network according with my publishers preference.
AWIN,4,"Awin Reviews - Pros & Cons, Ratings & more - GetApp",https://www.getapp.com/marketing-software/a/awin/reviews/,www.getapp.com,"I definitely recommend it. A simple and easy-to-use panel, a large network of publishers, excellent support and an innovative approach to marketing. To fully ..."
AWIN,5,"Awin Reviews 2024: Details, Pricing, & Features",https://www.g2.com/products/awin-com/reviews,www.g2.com,The platform's tracking and tech is solid as is the access to publishers. They deal with payments expediantly and the commercials are reasonably palatable.
AWIN,6,"As a business, is signing up for CJ or Awin worth it?",https://www.reddit.com/r/Affiliatemarketing/comments/12qbbil/as_a_business_is_signing_up_for_cj_or_awin_worth/,www.reddit.com,"One of these companies charges $650 to get set up, and then 20% of the commission, so if I pay an affiliate $100, they will take an extra $20!"
AWIN,7,Awin Reviews: What Is It Like to Work At Awin?,https://www.glassdoor.com/Reviews/Awin-Reviews-E38054.htm,www.glassdoor.com,"Pros. Great coworkers, supportive managers, WFH flexibility, amazing health insurance, and autonomy to handle your clients & work."
AWIN,8,"Awin Pricing, Alternatives & More 2024",https://www.capterra.com/p/201673/Awin/,www.capterra.com,"Overall: I like the Awin platform, is easy to use and simple. But I wasn't accepted in one of the programs and that makes me feel like wasting time by ..."
AWIN,9,Awin Affiliate Review - My Honest experience & Tips,https://www.youtube.com/watch?v=rrk05VDymcY,www.youtube.com,N/A

People also search for
Awin reviews reddit
Awin reviews complaints
Is Awin safe
Awin affiliate requirements
Is Awin free
Awin Glassdoor
Awin UK
Awin login

Related Keywords


Rakuten Advertising
Rakuten Advertising,1,Rakuten Marketing Reviews - Trustpilot,https://www.trustpilot.com/review/linkshare.com,www.trustpilot.com,Join the 25 people who've already reviewed Rakuten Marketing. Your experience can help others make better choices.
Rakuten Advertising,2,Rakuten Advertising Reviews & Product Details,https://www.g2.com/products/rakuten-advertising/reviews,www.g2.com,"The platform is very user friendly and there are a lot of helpful tools for reporting, publisher discovery, and outreach. Their support team is very reliable ..."
Rakuten Advertising,3,Rakuten Marketing Review: Shall I Join This Free Program ...,https://afluencer.com/rakuten-marketing-review-shall-i-join-this-free-program-to-make-money/,afluencer.com,"Most Rakuten Marketing affiliate reviews agree that Rakuten affiliate pricing is affordable, making it a good pick for new users."
Rakuten Advertising,4,Rakuten Advertising Reviews & Ratings 2024,https://www.trustradius.com/products/rakuten-advertising/reviews,www.trustradius.com,"Great company, clear communications, fast quarterly distributions and a fun way to get paid for shopping that you are already doing. I highly recommend this ..."
Rakuten Advertising,5,Rakuten Advertising Reviews: What Is It Like to Work ...,https://www.glassdoor.com/Reviews/Rakuten-Advertising-Reviews-E3271986.htm,www.glassdoor.com,"Rakuten Advertising has an overall rating of 3.6 out of 5, based on over 201 reviews left anonymously by employees. 71% of employees would recommend working at ..."
Rakuten Advertising,6,RAKUTEN ADVERTISING - Updated August 2024,https://www.yelp.com/biz/rakuten-advertising-new-york,www.yelp.com,"They are unresponsive, customer service is non existent, and their accounting for their users is not reliable or correct."
Rakuten Advertising,7,Is Rakuten affiliate marketing a legitimate way to make ...,https://www.quora.com/Is-Rakuten-affiliate-marketing-a-legitimate-way-to-make-money-online,www.quora.com,"Yes it is. Really, nothing else will answer your question better. Rakuten is a one of the oldest in business and proven legit."
Rakuten Advertising,8,Rakuten Advertising Reviews - Trustpilot,https://www.trustpilot.com/review/rakutenadvertising.com,www.trustpilot.com,How many stars would you give Rakuten Advertising? Join the 5 people who've already contributed. Your experience matters.
Rakuten Advertising,9,Rakuten Affiliate Program Review - Must-Read! |,https://craigcampbellseo.com/rakuten-affiliate-program/,craigcampbellseo.com,"Pros and cons​​ In terms of benefits, this is one of the easiest affiliate networks to use. The signup process is simple, you can get approved by many affiliate ..."

People also search for
Rakuten affiliate program
Rakuten Advertising salary
Awin reviews
Rakuten Advertising Glassdoor
Clickbank
LEGO affiliate program
Amazon affiliate program

Related Keywords


Partnerize
Partnerize,1,Read Customer Service Reviews of partnerize.com - Trustpilot,https://www.trustpilot.com/review/partnerize.com,www.trustpilot.com,Partnerize has won more than two dozen awards including Best Technology from the International Performance Marketing Awards.
Partnerize,2,"Partnerize Reviews 2024: Details, Pricing, & Features",https://www.g2.com/products/partnerize/reviews,www.g2.com,"Partnerize stands out with its user-friendly interface, making affiliate marketing management a breeze. The platform excels in offering a diverse range of ..."
Partnerize,3,"Partnerize Reviews 2024: Details, Pricing & Features",https://www.growann.com/review/partnerize,www.growann.com,Partnerize is another terrific partnership management platform. This platform supports an end-to-end platform that automates all of your hectic tasks.
Partnerize,4,Partnerize Reviews: What Is It Like to Work At Partnerize?,https://www.glassdoor.com/Reviews/Partnerize-Reviews-E1281364.htm,www.glassdoor.com,"Partnerize has an overall rating of 3.5 out of 5, based on over 98 reviews left anonymously by employees. 63% of employees would recommend working at Partnerize ..."
Partnerize,5,"Partnerize Platform: Use-Cases, Insights and Reviews",https://www.cuspera.com/products/partnerize-platform-x-4328,www.cuspera.com,"The platform provides tools for tracking performance, optimizing campaigns, and increasing conversions. Partnerize prioritizes transparency and authenticity in ..."
Partnerize,6,Partnerize Reviews & Ratings 2024,https://www.trustradius.com/products/partnerize/reviews,www.trustradius.com,"The software provided by Partnerize is described as best in class, user-friendly, customizable, and easy to navigate. Users also appreciate the automation ..."
Partnerize,7,"Partnerize Pricing and Review: Pros, Cons, and Benefits",https://www.influencer-hero.com/blogs/partnerize-pricing-and-review-pros-cons-and-benefits,www.influencer-hero.com,"Jul 15, 2024 — Explore Partnerize pricing, key features, pros, cons, and benefits in our detailed review. Understand how Partnerize can help manage and ..."
Partnerize,8,Working at Partnerize,"https://www.glassdoor.com/Overview/Working-at-Partnerize-EI_IE1281364.11,21.htm",www.glassdoor.com,"Partnerize reviews​​ Great Culture: Jackie and Tyler are excellent supervisors/managers. The team members are great, and there is a lot of support for the team."
Partnerize,9,Partnerize Pros and Cons | User Likes & Dislikes,https://www.g2.com/products/partnerize/reviews?qs=pros-and-cons,www.g2.com,"We've been using Partnerize for over 5 years now, and it's been a great platform to help us manage, grow, and track our affiliate marketing performance."
Partnerize,10,Avoid Scammers that Impersonate as Partnerize,https://go.partnerize.com/avoid-scammers-that-impersonate-as-partnerize,go.partnerize.com,"If you have been offered a “job” or an opportunity to create a partner account outside the official Partnerize.com channels, it is likely to be illegitimate."

People also search for
Partnerize pricing
Partnerize affiliate
Partnerize salary
PartnerStack reviews
How to use Partnerize
Partnerize Glassdoor
Partnerize payment method
Impactcom reviews

Related Keywords


